WorldSize,Run,ActualTime
2,0,12.398211479187012
4,0,8.323330402374268
8,0,10.236372232437134
16,0,10.759480237960815
